target_id,sentence_id,depth,head_id,head_lemma,dependent_id,dependent_lemma,relation,sentence
13868,226:2,1,13868,queen,13867,the,det,An invitation from the Queen to play croquet.”
13899,226:3,1,13899,queen,13898,the,det,"The Frog-Footman repeated, in the same solemn tone, only changing the order of the words a little, “From the Queen."
15399,267:3,1,15399,queen,15398,the,det,"“I must go and get ready to play croquet with the Queen,” and she hurried out of the room."
16533,292:2,1,16533,queen,16532,the,det,“Do you play croquet with the Queen to-day?”
18506,352:4,1,18506,queen,18505,the,det,"“We quarrelled last March—just before he went mad, you know—” (pointing with his tea spoon at the March Hare,) “—it was at the great concert given by the Queen of Hearts, and I had to sing"
18506,352:4,1,18506,queen,18507,of,prep,"“We quarrelled last March—just before he went mad, you know—” (pointing with his tea spoon at the March Hare,) “—it was at the great concert given by the Queen of Hearts, and I had to sing"
18506,352:4,2,18507,of,18508,hearts,pobj,"“We quarrelled last March—just before he went mad, you know—” (pointing with his tea spoon at the March Hare,) “—it was at the great concert given by the Queen of Hearts, and I had to sing"
18651,359:1,1,18651,queen,18650,the,det,"“Well, I’d hardly finished the first verse,” said the Hatter, “when the Queen jumped up and bawled out, ‘He’s murdering the time!"
20323,413:2,1,20323,queen,20322,the,det,“I heard the Queen say only yesterday you deserved to be beheaded!”
20525,419:2,1,20525,queen,20524,the,det,"Two began in a low voice, “Why the fact is, you see, Miss, this here ought to have been a red rose-tree, and we put a white one in by mistake; and if the Queen was to find it out, we should all have our heads cut off, you know."
20581,419:3,1,20581,queen,20579,"""",punct,"So you see, Miss, we’re doing our best, afore she comes, to—” At this moment Five, who had been anxiously looking across the garden, called out “The Queen!"
20581,419:3,1,20581,queen,20580,the,det,"So you see, Miss, we’re doing our best, afore she comes, to—” At this moment Five, who had been anxiously looking across the garden, called out “The Queen!"
20584,419:4,1,20584,queen,20583,the,det,The Queen!”
20584,419:4,1,20584,queen,20585,!,punct,The Queen!”
20584,419:4,1,20584,queen,20586,"""",punct,The Queen!”
20616,419:6,1,20616,queen,20615,the,det,"There was a sound of many footsteps, and Alice looked round, eager to see the Queen."
20779,420:4,1,20779,queen,20780,of,prep,"Then followed the Knave of Hearts, carrying the King’s crown on a crimson velvet cushion; and, last of all this grand procession, came THE KING AND QUEEN OF HEARTS."
20779,420:4,2,20780,of,20781,hearts,pobj,"Then followed the Knave of Hearts, carrying the King’s crown on a crimson velvet cushion; and, last of all this grand procession, came THE KING AND QUEEN OF HEARTS."
20884,422:1,1,20884,queen,20883,the,det,"When the procession came opposite to Alice, they all stopped and looked at her, and the Queen said severely “Who is this?”"
20916,423:1,1,20916,queen,20915,the,det,"“Idiot!” said the Queen, tossing her head impatiently; and, turning to Alice, she went on, “What’s your name, child?”"
20998,425:1,1,20998,queen,20997,the,det,"“And who are these?” said the Queen, pointing to the three gardeners who were lying round the rose-tree; for, you see, as they were lying on their faces, and the pattern on their backs was the same as the rest of the pack, she could not tell whether they were gardeners, or soldiers, or courtiers, or three of her own children."
21091,427:1,1,21091,queen,21090,the,det,"The Queen turned crimson with fury, and, after glaring at her for a moment like a wild beast, screamed “Off with her head!"
21135,428:1,1,21135,queen,21134,the,det,"“Nonsense!” said Alice, very loudly and decidedly, and the Queen was silent."
21165,430:1,1,21165,queen,21164,the,det,"The Queen turned angrily away from him, and said to the Knave “Turn them over!”"
21202,432:1,1,21202,queen,21201,the,det,"“Get up!” said the Queen, in a shrill, loud voice, and the three gardeners instantly jumped up, and began bowing to the King, the Queen, the royal children, and everybody else."
21227,432:1,1,21227,queen,21226,the,det,"“Get up!” said the Queen, in a shrill, loud voice, and the three gardeners instantly jumped up, and began bowing to the King, the Queen, the royal children, and everybody else."
21227,432:1,1,21227,queen,21228,",",punct,"“Get up!” said the Queen, in a shrill, loud voice, and the three gardeners instantly jumped up, and began bowing to the King, the Queen, the royal children, and everybody else."
21227,432:1,1,21227,queen,21231,child,conj,"“Get up!” said the Queen, in a shrill, loud voice, and the three gardeners instantly jumped up, and began bowing to the King, the Queen, the royal children, and everybody else."
21227,432:1,2,21231,child,21229,the,det,"“Get up!” said the Queen, in a shrill, loud voice, and the three gardeners instantly jumped up, and began bowing to the King, the Queen, the royal children, and everybody else."
21227,432:1,2,21231,child,21230,royal,amod,"“Get up!” said the Queen, in a shrill, loud voice, and the three gardeners instantly jumped up, and began bowing to the King, the Queen, the royal children, and everybody else."
21227,432:1,2,21231,child,21232,",",punct,"“Get up!” said the Queen, in a shrill, loud voice, and the three gardeners instantly jumped up, and began bowing to the King, the Queen, the royal children, and everybody else."
21227,432:1,2,21231,child,21233,and,cc,"“Get up!” said the Queen, in a shrill, loud voice, and the three gardeners instantly jumped up, and began bowing to the King, the Queen, the royal children, and everybody else."
21227,432:1,2,21231,child,21234,everybody,conj,"“Get up!” said the Queen, in a shrill, loud voice, and the three gardeners instantly jumped up, and began bowing to the King, the Queen, the royal children, and everybody else."
21245,433:2,1,21245,queen,21244,the,det,screamed the Queen.
21316,435:1,1,21316,queen,21315,the,det,"“I see!” said the Queen, who had meanwhile been examining the roses."
21316,435:1,1,21316,queen,21317,",",punct,"“I see!” said the Queen, who had meanwhile been examining the roses."
21316,435:1,1,21316,queen,21322,examine,relcl,"“I see!” said the Queen, who had meanwhile been examining the roses."
21316,435:1,2,21322,examine,21318,who,nsubj,"“I see!” said the Queen, who had meanwhile been examining the roses."
21316,435:1,2,21322,examine,21319,have,aux,"“I see!” said the Queen, who had meanwhile been examining the roses."
21316,435:1,2,21322,examine,21320,meanwhile,advmod,"“I see!” said the Queen, who had meanwhile been examining the roses."
21316,435:1,2,21322,examine,21321,be,aux,"“I see!” said the Queen, who had meanwhile been examining the roses."
21316,435:1,2,21322,examine,21324,rose,dobj,"“I see!” said the Queen, who had meanwhile been examining the roses."
21416,437:1,1,21416,queen,21415,the,det,“Are their heads off?” shouted the Queen.
21445,439:1,1,21445,queen,21444,the,det,“That’s right!” shouted the Queen.
21489,442:1,1,21489,queen,21488,the,det,"“Come on, then!” roared the Queen, and Alice joined the procession, wondering very much what would happen next."
21666,449:1,1,21666,queen,21665,the,det,“She boxed the Queen’s ears—” the Rabbit began.
21666,449:1,1,21666,queen,21667,’s,case,“She boxed the Queen’s ears—” the Rabbit began.
21699,449:5,1,21699,queen,21698,the,det,“The Queen will hear you!
21714,449:6,1,21714,queen,21713,the,det,"You see, she came rather late, and the Queen said—”"
21727,450:1,1,21727,queen,21726,the,det,"“Get to your places!” shouted the Queen in a voice of thunder, and people began running about in all directions, tumbling up against each other; however, they got settled down in a minute or two, and the game began."
22037,452:1,1,22037,queen,22036,the,det,"The players all played at once without waiting for turns, quarrelling all the while, and fighting for the hedgehogs; and in a very short time the Queen was in a furious passion, and went stamping about, and shouting “Off with his head!” or “Off with her head!”"
22093,453:1,1,22093,queen,22092,the,det,"Alice began to feel very uneasy: to be sure, she had not as yet had any dispute with the Queen, but she knew that it might happen any minute, “and then,” thought she, “what would become of me?"
22448,457:1,1,22448,queen,22447,the,det,"“I don’t think they play at all fairly,” Alice began, in rather a complaining tone, “and they all quarrel so dreadfully one can’t hear oneself speak—and they don’t seem to have any rules in particular; at least, if there are, nobody attends to them—and you’ve no idea how confusing it is all the things being alive; for instance, there’s the arch I’ve got to go through next walking about at the other end of the ground—and I should have croqueted the Queen’s hedgehog just now, only it ran away when it saw mine coming!”"
22448,457:1,1,22448,queen,22449,’s,case,"“I don’t think they play at all fairly,” Alice began, in rather a complaining tone, “and they all quarrel so dreadfully one can’t hear oneself speak—and they don’t seem to have any rules in particular; at least, if there are, nobody attends to them—and you’ve no idea how confusing it is all the things being alive; for instance, there’s the arch I’ve got to go through next walking about at the other end of the ground—and I should have croqueted the Queen’s hedgehog just now, only it ran away when it saw mine coming!”"
22471,458:1,1,22471,queen,22470,the,det,“How do you like the Queen?” said the Cat in a low voice.
22504,459:1,1,22504,queen,22503,the,det,"“Not at all,” said Alice: “she’s so extremely—” Just then she noticed that the Queen was close behind her, listening: so she went on, “—likely to win, that it’s hardly worth while finishing the game.”"
22535,460:1,1,22535,queen,22534,the,det,The Queen smiled and passed on.
22713,467:1,1,22713,queen,22712,the,det,"“Well, it must be removed,” said the King very decidedly, and he called the Queen, who was passing at the moment, “My dear!"
22713,467:1,1,22713,queen,22714,",",punct,"“Well, it must be removed,” said the King very decidedly, and he called the Queen, who was passing at the moment, “My dear!"
22713,467:1,1,22713,queen,22717,pass,relcl,"“Well, it must be removed,” said the King very decidedly, and he called the Queen, who was passing at the moment, “My dear!"
22713,467:1,2,22717,pass,22715,who,nsubj,"“Well, it must be removed,” said the King very decidedly, and he called the Queen, who was passing at the moment, “My dear!"
22713,467:1,2,22717,pass,22716,be,aux,"“Well, it must be removed,” said the King very decidedly, and he called the Queen, who was passing at the moment, “My dear!"
22713,467:1,2,22717,pass,22718,at,prep,"“Well, it must be removed,” said the King very decidedly, and he called the Queen, who was passing at the moment, “My dear!"
22737,468:1,1,22737,queen,22736,the,det,"The Queen had only one way of settling all difficulties, great or small."
22807,470:1,1,22807,queen,22806,the,det,"Alice thought she might as well go back, and see how the game was going on, as she heard the Queen’s voice in the distance, screaming with passion."
22807,470:1,1,22807,queen,22808,’s,case,"Alice thought she might as well go back, and see how the game was going on, as she heard the Queen’s voice in the distance, screaming with passion."
23061,473:1,1,23061,queen,23060,the,det,"When she got back to the Cheshire Cat, she was surprised to find quite a large crowd collected round it: there was a dispute going on between the executioner, the King, and the Queen, who were all talking at once, while all the rest were quite silent, and looked very uncomfortable."
23061,473:1,1,23061,queen,23062,",",punct,"When she got back to the Cheshire Cat, she was surprised to find quite a large crowd collected round it: there was a dispute going on between the executioner, the King, and the Queen, who were all talking at once, while all the rest were quite silent, and looked very uncomfortable."
23061,473:1,1,23061,queen,23066,talk,relcl,"When she got back to the Cheshire Cat, she was surprised to find quite a large crowd collected round it: there was a dispute going on between the executioner, the King, and the Queen, who were all talking at once, while all the rest were quite silent, and looked very uncomfortable."
23061,473:1,2,23066,talk,23063,who,nsubj,"When she got back to the Cheshire Cat, she was surprised to find quite a large crowd collected round it: there was a dispute going on between the executioner, the King, and the Queen, who were all talking at once, while all the rest were quite silent, and looked very uncomfortable."
23061,473:1,2,23066,talk,23064,be,aux,"When she got back to the Cheshire Cat, she was surprised to find quite a large crowd collected round it: there was a dispute going on between the executioner, the King, and the Queen, who were all talking at once, while all the rest were quite silent, and looked very uncomfortable."
23061,473:1,2,23066,talk,23065,all,dep,"When she got back to the Cheshire Cat, she was surprised to find quite a large crowd collected round it: there was a dispute going on between the executioner, the King, and the Queen, who were all talking at once, while all the rest were quite silent, and looked very uncomfortable."
23061,473:1,2,23066,talk,23067,at,prep,"When she got back to the Cheshire Cat, she was surprised to find quite a large crowd collected round it: there was a dispute going on between the executioner, the King, and the Queen, who were all talking at once, while all the rest were quite silent, and looked very uncomfortable."
23061,473:1,2,23066,talk,23068,once,advmod,"When she got back to the Cheshire Cat, she was surprised to find quite a large crowd collected round it: there was a dispute going on between the executioner, the King, and the Queen, who were all talking at once, while all the rest were quite silent, and looked very uncomfortable."
23207,477:1,1,23207,queen,23206,the,det,"The Queen’s argument was, that if something wasn’t done about it in less than no time she’d have everybody executed, all round."
23207,477:1,1,23207,queen,23208,’s,case,"The Queen’s argument was, that if something wasn’t done about it in less than no time she’d have everybody executed, all round."
23286,479:1,1,23286,queen,23285,the,det,"“She’s in prison,” the Queen said to the executioner: “fetch her here.”"
24471,510:2,1,24471,queen,24470,the,det,"Alice looked up, and there stood the Queen in front of them, with her arms folded, frowning like a thunderstorm."
24518,512:1,1,24518,queen,24517,the,det,"“Now, I give you fair warning,” shouted the Queen, stamping on the ground as she spoke; “either you or your head must be off, and that in about half no time!"
24575,514:1,1,24575,queen,24574,the,det,"“Let’s go on with the game,” the Queen said to Alice; and Alice was too much frightened to say a word, but slowly followed her back to the croquet-ground."
24610,515:1,1,24610,queen,24609,the,det,"The other guests had taken advantage of the Queen’s absence, and were resting in the shade: however, the moment they saw her, they hurried back to the game, the Queen merely remarking that a moment’s delay would cost them their lives."
24610,515:1,1,24610,queen,24611,’s,case,"The other guests had taken advantage of the Queen’s absence, and were resting in the shade: however, the moment they saw her, they hurried back to the game, the Queen merely remarking that a moment’s delay would cost them their lives."
24637,515:1,1,24637,queen,24636,the,det,"The other guests had taken advantage of the Queen’s absence, and were resting in the shade: however, the moment they saw her, they hurried back to the game, the Queen merely remarking that a moment’s delay would cost them their lives."
24658,516:1,1,24658,queen,24657,the,det,"All the time they were playing the Queen never left off quarrelling with the other players, and shouting “Off with his head!”"
24737,516:3,1,24737,queen,24736,the,det,"Those whom she sentenced were taken into custody by the soldiers, who of course had to leave off being arches to do this, so that by the end of half an hour or so there were no arches left, and all the players, except the King, the Queen, and Alice, were in custody and under sentence of execution."
24737,516:3,1,24737,queen,24738,",",punct,"Those whom she sentenced were taken into custody by the soldiers, who of course had to leave off being arches to do this, so that by the end of half an hour or so there were no arches left, and all the players, except the King, the Queen, and Alice, were in custody and under sentence of execution."
24737,516:3,1,24737,queen,24739,and,cc,"Those whom she sentenced were taken into custody by the soldiers, who of course had to leave off being arches to do this, so that by the end of half an hour or so there were no arches left, and all the players, except the King, the Queen, and Alice, were in custody and under sentence of execution."
24737,516:3,1,24737,queen,24740,alice,conj,"Those whom she sentenced were taken into custody by the soldiers, who of course had to leave off being arches to do this, so that by the end of half an hour or so there were no arches left, and all the players, except the King, the Queen, and Alice, were in custody and under sentence of execution."
24753,517:1,1,24753,queen,24752,the,det,"Then the Queen left off, quite out of breath, and said to Alice, “Have you seen the Mock Turtle yet?”"
24812,519:1,1,24812,queen,24811,the,det,"“It’s the thing Mock Turtle Soup is made from,” said the Queen."
24838,521:1,1,24838,queen,24837,the,det,"“Come on, then,” said the Queen, “and he shall tell you his history.”"
24905,522:3,1,24905,queen,24904,the,det,"she said to herself, for she had felt quite unhappy at the number of executions the Queen had ordered."
24950,523:3,1,24950,queen,24949,the,det,"“Up, lazy thing!” said the Queen, “and take this young lady to see the Mock Turtle, and to hear his history."
25048,524:1,1,25048,queen,25047,the,det,The Gryphon sat up and rubbed its eyes: then it watched the Queen till she was out of sight: then it chuckled.
29998,665:1,1,29998,queen,29997,the,det,"“The Queen of Hearts, she made some tarts, All on a summer day: The Knave of Hearts, he stole those tarts, And took them quite away!”"
29998,665:1,1,29998,queen,29999,of,prep,"“The Queen of Hearts, she made some tarts, All on a summer day: The Knave of Hearts, he stole those tarts, And took them quite away!”"
29998,665:1,2,29999,of,30000,hearts,pobj,"“The Queen of Hearts, she made some tarts, All on a summer day: The Knave of Hearts, he stole those tarts, And took them quite away!”"
30355,679:1,1,30355,queen,30354,the,det,"Here the Queen put on her spectacles, and began staring at the Hatter, who turned pale and fidgeted."
30427,681:1,1,30427,queen,30426,the,det,"This did not seem to encourage the witness at all: he kept shifting from one foot to the other, looking uneasily at the Queen, and in his confusion he bit a large piece out of his teacup instead of the bread-and-butter."
30645,688:1,1,30645,queen,30644,the,det,"All this time the Queen had never left off staring at the Hatter, and, just as the Dormouse crossed the court, she said to one of the officers of the court, “Bring me the list of the singers in the last concert!” on which the wretched Hatter trembled so, that he shook both his shoes off."
31323,713:1,1,31323,queen,31322,the,det,"“I’d rather finish my tea,” said the Hatter, with an anxious look at the Queen, who was reading the list of singers."
31323,713:1,1,31323,queen,31324,",",punct,"“I’d rather finish my tea,” said the Hatter, with an anxious look at the Queen, who was reading the list of singers."
31323,713:1,1,31323,queen,31327,read,relcl,"“I’d rather finish my tea,” said the Hatter, with an anxious look at the Queen, who was reading the list of singers."
31323,713:1,2,31327,read,31325,who,nsubj,"“I’d rather finish my tea,” said the Hatter, with an anxious look at the Queen, who was reading the list of singers."
31323,713:1,2,31327,read,31326,be,aux,"“I’d rather finish my tea,” said the Hatter, with an anxious look at the Queen, who was reading the list of singers."
31323,713:1,2,31327,read,31329,list,dobj,"“I’d rather finish my tea,” said the Hatter, with an anxious look at the Queen, who was reading the list of singers."
31372,715:1,1,31372,queen,31371,the,det,"“—and just take his head off outside,” the Queen added to one of the officers: but the Hatter was out of sight before the officer could get to the door."
31584,724:1,1,31584,queen,31583,the,det,"“Collar that Dormouse,” the Queen shrieked out."
31675,726:3,1,31675,queen,31674,the,det,"And he added in an undertone to the Queen, “Really, my dear, you must cross-examine the next witness."
32422,745:1,1,32422,queen,32421,the,det,"“Nearly two miles high,” added the Queen."
32562,751:1,1,32562,queen,32561,the,det,“What’s in it?” said the Queen.
32877,762:1,1,32877,queen,32876,the,det,"“That proves his guilt,” said the Queen."
33543,781:4,1,33543,queen,33542,the,det,he said to the Queen.
33551,782:1,1,33551,queen,33550,the,det,"“Never!” said the Queen furiously, throwing an inkstand at the Lizard as she spoke."
33551,782:1,1,33551,queen,33552,furiously,advmod,"“Never!” said the Queen furiously, throwing an inkstand at the Lizard as she spoke."
33689,785:1,1,33689,queen,33688,the,det,"“No, no!” said the Queen."
33727,787:1,1,33727,queen,33726,the,det,"“Hold your tongue!” said the Queen, turning purple."
33749,789:2,1,33749,queen,33748,the,det,the Queen shouted at the top of her voice.
34200,796:1,1,34200,queen,34199,the,det,"The long grass rustled at her feet as the White Rabbit hurried by—the frightened Mouse splashed his way through the neighbouring pool—she could hear the rattle of the teacups as the March Hare and his friends shared their never-ending meal, and the shrill voice of the Queen ordering off her unfortunate guests to execution—once more the pig-baby was sneezing on the Duchess’s knee, while plates and dishes crashed around it—once more the shriek of the Gryphon, the squeaking of the Lizard’s slate-pencil, and the choking of the suppressed guinea-pigs, filled the air, mixed up with the distant sobs of the miserable Mock Turtle."
34344,797:1,1,34344,queen,34343,the,det,"So she sat on, with closed eyes, and half believed herself in Wonderland, though she knew she had but to open them again, and all would change to dull reality—the grass would be only rustling in the wind, and the pool rippling to the waving of the reeds—the rattling teacups would change to tinkling sheep-bells, and the Queen’s shrill cries to the voice of the shepherd boy—and the sneeze of the baby, the shriek of the Gryphon, and all the other queer noises, would change (she knew) to the confused clamour of the busy farm-yard—while the lowing of the cattle in the distance would take the place of the Mock Turtle’s heavy sobs."
34344,797:1,1,34344,queen,34345,’s,case,"So she sat on, with closed eyes, and half believed herself in Wonderland, though she knew she had but to open them again, and all would change to dull reality—the grass would be only rustling in the wind, and the pool rippling to the waving of the reeds—the rattling teacups would change to tinkling sheep-bells, and the Queen’s shrill cries to the voice of the shepherd boy—and the sneeze of the baby, the shriek of the Gryphon, and all the other queer noises, would change (she knew) to the confused clamour of the busy farm-yard—while the lowing of the cattle in the distance would take the place of the Mock Turtle’s heavy sobs."
