source,target,weight,relations
0:queen,1:the,71,"{""det"": 71}"
0:queen,1:of,3,"{""prep"": 3}"
0:queen,"1:""",2,"{""punct"": 2}"
0:queen,1:!,1,"{""punct"": 1}"
0:queen,"1:,",6,"{""punct"": 6}"
0:queen,1:child,1,"{""conj"": 1}"
0:queen,1:examine,1,"{""relcl"": 1}"
0:queen,1:’s,6,"{""case"": 6}"
0:queen,1:pass,1,"{""relcl"": 1}"
0:queen,1:talk,1,"{""relcl"": 1}"
0:queen,1:and,1,"{""cc"": 1}"
0:queen,1:alice,1,"{""conj"": 1}"
0:queen,1:read,1,"{""relcl"": 1}"
0:queen,1:furiously,1,"{""advmod"": 1}"
1:of,2:hearts,3,"{""pobj"": 3}"
1:child,2:the,1,"{""det"": 1}"
1:child,2:royal,1,"{""amod"": 1}"
1:child,"2:,",1,"{""punct"": 1}"
1:child,2:and,1,"{""cc"": 1}"
1:child,2:everybody,1,"{""conj"": 1}"
1:examine,2:who,1,"{""nsubj"": 1}"
1:examine,2:have,1,"{""aux"": 1}"
1:examine,2:meanwhile,1,"{""advmod"": 1}"
1:examine,2:be,1,"{""aux"": 1}"
1:examine,2:rose,1,"{""dobj"": 1}"
1:pass,2:who,1,"{""nsubj"": 1}"
1:pass,2:be,1,"{""aux"": 1}"
1:pass,2:at,1,"{""prep"": 1}"
1:talk,2:who,1,"{""nsubj"": 1}"
1:talk,2:be,1,"{""aux"": 1}"
1:talk,2:all,1,"{""dep"": 1}"
1:talk,2:at,1,"{""prep"": 1}"
1:talk,2:once,1,"{""advmod"": 1}"
1:read,2:who,1,"{""nsubj"": 1}"
1:read,2:be,1,"{""aux"": 1}"
1:read,2:list,1,"{""dobj"": 1}"
