node,lemma,depth,count
0:queen,queen,0,74
1:the,the,1,71
1:of,of,1,3
2:hearts,hearts,2,3
"1:""","""",1,2
1:!,!,1,1
"1:,",",",1,6
1:child,child,1,1
2:the,the,2,1
2:royal,royal,2,1
"2:,",",",2,1
2:and,and,2,1
2:everybody,everybody,2,1
1:examine,examine,1,1
2:who,who,2,4
2:have,have,2,1
2:meanwhile,meanwhile,2,1
2:be,be,2,4
2:rose,rose,2,1
1:’s,’s,1,6
1:pass,pass,1,1
2:at,at,2,2
1:talk,talk,1,1
2:all,all,2,1
2:once,once,2,1
1:and,and,1,1
1:alice,alice,1,1
1:read,read,1,1
2:list,list,2,1
1:furiously,furiously,1,1
